"Welcome to address book system in mysql database"

UC1 -> Create a database for address book service
---------------------------------------------------------
mysql> create database address_book_service;
Query OK, 1 row affected (0.14 sec)

mysql> show databases;
+----------------------+
| Database             |
+----------------------+
| address_book_service |
| information_schema   |
| mysql                |
| performance_schema   |
| sys                  |
+----------------------+
5 rows in set (0.01 sec)
--------------------------------------------------------------------------
UC2 -> Create a table with various fields in address book service database
--------------------------------------------------------------------------
mysql> use address_book_service;
Database changed

mysql> create table address_book
    -> (FirstName varchar(20) not null,
    -> LastName varchar(20) not null,
    -> Address varchar(100) not null,
    -> City varchar(30) not null,
    -> State varchar(30) not null,
    -> Email varchar(30) not null,
    -> ZipCode int not null,
    -> PhoneNumber int not null);
Query OK, 0 rows affected (0.47 sec)

mysql> describe address_book;
+-------------+--------------+------+-----+---------+-------+
| Field       | Type         | Null | Key | Default | Extra |
+-------------+--------------+------+-----+---------+-------+
| FirstName   | varchar(20)  | NO   |     | NULL    |       |
| LastName    | varchar(20)  | NO   |     | NULL    |       |
| Address     | varchar(100) | NO   |     | NULL    |       |
| City        | varchar(30)  | NO   |     | NULL    |       |
| State       | varchar(30)  | NO   |     | NULL    |       |
| Email       | varchar(30)  | NO   |     | NULL    |       |
| ZipCode     | int          | NO   |     | NULL    |       |
| PhoneNumber | int          | NO   |     | NULL    |       |
+-------------+--------------+------+-----+---------+-------+
8 rows in set (0.12 sec)

-------------------------------------------------------------------------
UC3 -> Inserting values into a table
-------------------------------------------------------------------------

mysql> insert into address_book(FirstName,LastName,Address,City,State,Email,ZipCode,PhoneNumber)values
    -> ('Annu','Kumari','Gurgaon','Gurgaon','Haryana','annusinghraj1998@gmail.com',122002,70032654),
    -> ('Rajni','Singh','Patna','Patna','Bihar','choti@gmail.com',851128,90032456),
    -> ('Garima','Jain','Ajmer','Ajmer','Rajasthan','garima12@gmail.com',851120,70032459);
Query OK, 3 rows affected (0.03 sec)
Records: 3  Duplicates: 0  Warnings: 0

mysql> select * from address_book;
+-----------+----------+---------+---------+-----------+----------------------------+---------+-------------+
| FirstName | LastName | Address | City    | State     | Email                      | ZipCode | PhoneNumber |
+-----------+----------+---------+---------+-----------+----------------------------+---------+-------------+
| Annu      | Kumari   | Gurgaon | Gurgaon | Haryana   | annusinghraj1998@gmail.com |  122002 |    70032654 |
| Rajni     | Singh    | Patna   | Patna   | Bihar     | choti@gmail.com            |  851128 |    90032456 |
| Garima    | Jain     | Ajmer   | Ajmer   | Rajasthan | garima12@gmail.com         |  851120 |    70032459 |
+-----------+----------+---------+---------+-----------+----------------------------+---------+-------------+
3 rows in set (0.01 sec)

-----------------------------------------------------------------------------------------------------
UC4 -> Edit existing Contact with using their name
-----------------------------------------------------------------------------------------------------

mysql> update address_book set Address = 'Bijaynagar' where FirstName = 'Garima';
Query OK, 1 row affected (0.02 sec)
Rows matched: 1  Changed: 1  Warnings: 0

mysql> select * from address_book;
+-----------+----------+------------+---------+-----------+----------------------------+---------+-------------+
| FirstName | LastName | Address    | City    | State     | Email                      | ZipCode | PhoneNumber |
+-----------+----------+------------+---------+-----------+----------------------------+---------+-------------+
| Annu      | Kumari   | Gurgaon    | Gurgaon | Haryana   | annusinghraj1998@gmail.com |  122002 |    70032654 |
| Rajni     | Singh    | Patna      | Patna   | Bihar     | choti@gmail.com            |  851128 |    90032456 |
| Garima    | Jain     | Bijaynagar | Ajmer   | Rajasthan | garima12@gmail.com         |  851120 |    70032459 |
+-----------+----------+------------+---------+-----------+----------------------------+---------+-------------+
3 rows in set (0.00 sec)

------------------------------------------------------------------------------------------------------
UC5 -> Delete contact with using person name
------------------------------------------------------------------------------------------------------

mysql> select * from address_book;
+-----------+----------+------------+---------+-----------+----------------------------+---------+-------------+
| FirstName | LastName | Address    | City    | State     | Email                      | ZipCode | PhoneNumber |
+-----------+----------+------------+---------+-----------+----------------------------+---------+-------------+
| Annu      | Kumari   | Gurgaon    | Gurgaon | Haryana   | annusinghraj1998@gmail.com |  122002 |    70032654 |
| Rajni     | Singh    | Patna      | Patna   | Bihar     | choti@gmail.com            |  851128 |    90032456 |
| Garima    | Jain     | Bijaynagar | Ajmer   | Rajasthan | garima12@gmail.com         |  851120 |    70032459 |
+-----------+----------+------------+---------+-----------+----------------------------+---------+-------------+

mysql> delete from address_book where FirstName = 'Rajni';
Query OK, 1 row affected (0.01 sec)

mysql> select * from address_book;
+-----------+----------+------------+---------+-----------+----------------------------+---------+-------------+
| FirstName | LastName | Address    | City    | State     | Email                      | ZipCode | PhoneNumber |
+-----------+----------+------------+---------+-----------+----------------------------+---------+-------------+
| Annu      | Kumari   | Gurgaon    | Gurgaon | Haryana   | annusinghraj1998@gmail.com |  122002 |    70032654 |
| Garima    | Jain     | Bijaynagar | Ajmer   | Rajasthan | garima12@gmail.com         |  851120 |    70032459 |
+-----------+----------+------------+---------+-----------+----------------------------+---------+-------------+
2 rows in set (0.00 sec)

----------------------------------------------------------------------------------------
UC6 -> Ability to retrieve the contact belonging to their city or state
----------------------------------------------------------------------------------------

mysql> select * from address_book where City = 'Gurgaon';
+-----------+----------+---------+---------+---------+----------------------------+---------+-------------+
| FirstName | LastName | Address | City    | State   | Email                      | ZipCode | PhoneNumber |
+-----------+----------+---------+---------+---------+----------------------------+---------+-------------+
| Annu      | Kumari   | Gurgaon | Gurgaon | Haryana | annusinghraj1998@gmail.com |  122002 |    70032654 |
+-----------+----------+---------+---------+---------+----------------------------+---------+-------------+
1 row in set (0.00 sec)

mysql> select * from address_book where City = 'Ajmer' or State ='Rajasthan';
+-----------+----------+------------+-------+-----------+--------------------+---------+-------------+
| FirstName | LastName | Address    | City  | State     | Email              | ZipCode | PhoneNumber |
+-----------+----------+------------+-------+-----------+--------------------+---------+-------------+
| Garima    | Jain     | Bijaynagar | Ajmer | Rajasthan | garima12@gmail.com |  851120 |    70032459 |
+-----------+----------+------------+-------+-----------+--------------------+---------+-------------+
1 row in set (0.00 sec)

mysql> select * from address_book where City = 'Gurgaon' or State ='Rajasthan';
+-----------+----------+------------+---------+-----------+----------------------------+---------+-------------+
| FirstName | LastName | Address    | City    | State     | Email                      | ZipCode | PhoneNumber |
+-----------+----------+------------+---------+-----------+----------------------------+---------+-------------+
| Annu      | Kumari   | Gurgaon    | Gurgaon | Haryana   | annusinghraj1998@gmail.com |  122002 |    70032654 |
| Garima    | Jain     | Bijaynagar | Ajmer   | Rajasthan | garima12@gmail.com         |  851120 |    70032459 |
+-----------+----------+------------+---------+-----------+----------------------------+---------+-------------+
2 rows in set (0.00 sec)

---------------------------------------------------------------------------
UC7 -> Size of the address book by city and state
---------------------------------------------------------------------------

mysql> select count(City) from address_book;
+-------------+
| count(City) |
+-------------+
|           2 |
+-------------+
1 row in set (0.05 sec)

mysql> select count(State) from address_book;
+--------------+
| count(State) |
+--------------+
|            2 |
+--------------+
1 row in set (0.00 sec)

---------------------------------------------------------------------------------
UC8 -> Sorted alphabetically by person name for a given city
---------------------------------------------------------------------------------

mysql> select * from address_book;
+-----------+----------+------------+---------+-----------+----------------------------+---------+-------------+
| FirstName | LastName | Address    | City    | State     | Email                      | ZipCode | PhoneNumber |
+-----------+----------+------------+---------+-----------+----------------------------+---------+-------------+
| Annu      | Kumari   | Gurgaon    | Gurgaon | Haryana   | annusinghraj1998@gmail.com |  122002 |    70032654 |
| Garima    | Jain     | Bijaynagar | Ajmer   | Rajasthan | garima12@gmail.com         |  851120 |    70032459 |
+-----------+----------+------------+---------+-----------+----------------------------+---------+-------------+
2 rows in set (0.00 sec)

mysql> select * from address_book order by LastName;
+-----------+----------+------------+---------+-----------+----------------------------+---------+-------------+
| FirstName | LastName | Address    | City    | State     | Email                      | ZipCode | PhoneNumber |
+-----------+----------+------------+---------+-----------+----------------------------+---------+-------------+
| Garima    | Jain     | Bijaynagar | Ajmer   | Rajasthan | garima12@gmail.com         |  851120 |    70032459 |
| Annu      | Kumari   | Gurgaon    | Gurgaon | Haryana   | annusinghraj1998@gmail.com |  122002 |    70032654 |
+-----------+----------+------------+---------+-----------+----------------------------+---------+-------------+
2 rows in set (0.01 sec)

-----------------------------------------------------------------
UC9 -> Ability to identify each Address Book with name and Type
-----------------------------------------------------------------

mysql> ALTER TABLE address_book add BookName varchar(30) not null ,add ContactType varchar(30) not null;
Query OK, 0 rows affected (0.05 sec)
Records: 0  Duplicates: 0  Warnings: 0

mysql> Describe address_book;
+-------------+--------------+------+-----+---------+-------+
| Field       | Type         | Null | Key | Default | Extra |
+-------------+--------------+------+-----+---------+-------+
| FirstName   | varchar(20)  | NO   |     | NULL    |       |
| LastName    | varchar(20)  | NO   |     | NULL    |       |
| Address     | varchar(100) | NO   |     | NULL    |       |
| City        | varchar(30)  | NO   |     | NULL    |       |
| State       | varchar(30)  | NO   |     | NULL    |       |
| Email       | varchar(30)  | NO   |     | NULL    |       |
| ZipCode     | int          | NO   |     | NULL    |       |
| PhoneNumber | int          | NO   |     | NULL    |       |
| BookName    | varchar(30)  | NO   |     | NULL    |       |
| ContactType | varchar(30)  | NO   |     | NULL    |       |
+-------------+--------------+------+-----+---------+-------+
10 rows in set (0.09 sec)

mysql> select * from address_book;
+-----------+----------+------------+---------+-----------+----------------------------+---------+-------------+----------+-------------+
| FirstName | LastName | Address    | City    | State     | Email                      | ZipCode | PhoneNumber | BookName | ContactType |
+-----------+----------+------------+---------+-----------+----------------------------+---------+-------------+----------+-------------+
| Annu      | Kumari   | Gurgaon    | Gurgaon | Haryana   | annusinghraj1998@gmail.com |  122002 |    70032654 |          |             |
| Garima    | Jain     | Bijaynagar | Ajmer   | Rajasthan | garima12@gmail.com         |  851120 |    70032459 |          |             |
| Rajni     | Singh    | Kankarbagh | Patna   | Bihar     | rajni@1234                 |  851128 |     9876543 |          |             |
+-----------+----------+------------+---------+-----------+----------------------------+---------+-------------+----------+-------------+
3 rows in set (0.01 sec)

mysql> UPDATE address_book SET BookName = 'SA',ContactType = 'Professional' WHERE FirstName = 'Annu';
Query OK, 1 row affected (0.01 sec)
Rows matched: 1  Changed: 1  Warnings: 0

mysql> UPDATE address_book SET BookName = 'SR',ContactType = 'Friend' WHERE FirstName = 'Garima';
Query OK, 1 row affected (0.01 sec)
Rows matched: 1  Changed: 1  Warnings: 0

mysql> UPDATE address_book SET BookName = 'SS',ContactType = 'Family' WHERE FirstName = 'Rajni';
Query OK, 1 row affected (0.01 sec)
Rows matched: 1  Changed: 1  Warnings: 0

mysql> select * from address_book;
+-----------+----------+------------+---------+-----------+----------------------------+---------+-------------+----------+--------------+
| FirstName | LastName | Address    | City    | State     | Email                      | ZipCode | PhoneNumber | BookName | ContactType  |
+-----------+----------+------------+---------+-----------+----------------------------+---------+-------------+----------+--------------+
| Annu      | Kumari   | Gurgaon    | Gurgaon | Haryana   | annusinghraj1998@gmail.com |  122002 |    70032654 | SA       | Professional |
| Garima    | Jain     | Bijaynagar | Ajmer   | Rajasthan | garima12@gmail.com         |  851120 |    70032459 | SR       | Friend       |
| Rajni     | Singh    | Kankarbagh | Patna   | Bihar     | rajni@1234                 |  851128 |     9876543 | SS       | Family       |
+-----------+----------+------------+---------+-----------+----------------------------+---------+-------------+----------+--------------+
3 rows in set (0.00 sec)

----------------------------------------------------------------
UC10 -> Count contacts through contactType for address book
----------------------------------------------------------------

mysql> SELECT COUNT(contactType) FROM address_book WHERE ContactType='Friend';
+--------------------+
| COUNT(contactType) |
+--------------------+
|                  1 |
+--------------------+
1 row in set (0.29 sec)

mysql> SELECT COUNT(contactType) FROM address_book WHERE ContactType='Professional';
+--------------------+
| COUNT(contactType) |
+--------------------+
|                  1 |
+--------------------+
1 row in set (0.00 sec)

mysql> SELECT COUNT(contactType) FROM address_book WHERE ContactType='Family';
+--------------------+
| COUNT(contactType) |
+--------------------+
|                  1 |
+--------------------+
1 row in set (0.00 sec)

-------------------------------------------------------------
UC11 ->  Ability to add person to both Friend and Family
-------------------------------------------------------------

mysql> insert into address_book (FirstName,LastName,address,City,State,Email,ZipCode,PhoneNumber,BookName,ContactType)values
    -> ('Ramendra','Singh','Varodra','Surat','Gujrat','ramendra@432',654328,9876543,'RA','Family');
Query OK, 1 row affected (0.20 sec)

mysql> insert into address_book (FirstName,LastName,address,City,State,Email,ZipCode,PhoneNumber,BookName,ContactType)values
    -> ('Rishav','Rajput','Dwarka','Delhi','Delhi','rishav@432',654328,67895496,'OJ','Friend');
Query OK, 1 row affected (0.01 sec)

mysql> select * from address_book;
+-----------+----------+------------+---------+-----------+----------------------------+---------+-------------+----------+--------------+
| FirstName | LastName | Address    | City    | State     | Email                      | ZipCode | PhoneNumber | BookName | ContactType  |
+-----------+----------+------------+---------+-----------+----------------------------+---------+-------------+----------+--------------+
| Annu      | Kumari   | Gurgaon    | Gurgaon | Haryana   | annusinghraj1998@gmail.com |  122002 |    70032654 | SA       | Professional |
| Garima    | Jain     | Bijaynagar | Ajmer   | Rajasthan | garima12@gmail.com         |  851120 |    70032459 | SR       | Friend       |
| Rajni     | Singh    | Kankarbagh | Patna   | Bihar     | rajni@1234                 |  851128 |     9876543 | SS       | Family       |
| Ramendra  | Singh    | Varodra    | Surat   | Gujrat    | ramendra@432               |  654328 |     9876543 | RA       | Family       |
| Rishav    | Rajput   | Dwarka     | Delhi   | Delhi     | rishav@432                 |  654328 |    67895496 | OJ       | Friend       |
+-----------+----------+------------+---------+-----------+----------------------------+---------+-------------+----------+--------------+
5 rows in set (0.00 sec)